<?xml version="1.0" encoding="UTF-8"?>
<configuration
        xmlns="http://10.142.210.205"
        xmlns:xsi="http://www.w3.org/2001/XMLSchema-instance"
        xsi:schemaLocation="http://10.142.210.205 generator.xsd">
    <basePath>/src/main/java</basePath>
    <entityPackage>com.foxconn.entity</entityPackage>
    <datasource driver="com.mysql.jdbc.Driver"
                url="jdbc:mysql://10.134.98.139:14789/test" user="root"
                password="Foxconn99"/>
    <table>
        <tableName>user</tableName>
        <pojoName>User</pojoName>
    </table>
    <table>
        <tableName>apn_user</tableName>
        <pojoName>ApnUser</pojoName>
    </table>
</configuration>

