<?xml version="1.0" encoding="UTF-8"?>
<!DOCTYPE mapper PUBLIC "-//mybatis.org//DTD Mapper 3.0//EN" "http://mybatis.org/dtd/mybatis-3-mapper.dtd">
<mapper namespace="com.gdou.blog.mapper.BlogMapper">
    <resultMap id="BaseResultMap" type="com.gdou.blog.entity.Blog">
        <!--@mbg.generated-->
        <!--@Table t_blog-->
        <id column="b_blog_id" jdbcType="INTEGER" property="blogId"/>
        <result column="title" jdbcType="VARCHAR" property="title"/>
        <result column="publish_time" jdbcType="TIMESTAMP" property="publishTime"/>
        <result column="b_modify_time" jdbcType="TIMESTAMP" property="modifyTime"/>
        <result column="b_create_time" jdbcType="TIMESTAMP" property="createTime"/>
        <result column="b_category_id" jdbcType="INTEGER" property="categoryId"/>
        <result column="view_count" jdbcType="INTEGER" property="viewCount"/>
        <result column="like_count" jdbcType="INTEGER" property="likeCount"/>
        <result column="description" jdbcType="VARCHAR" property="description"/>
        <result column="key_word" jdbcType="VARCHAR" property="keyWord"/>
        <result column="content" jdbcType="LONGVARCHAR" property="content"/>
        <result column="recommend" jdbcType="VARCHAR" property="recommend"/>
        <result column="creation_type" jdbcType="VARCHAR" property="creationType"/>
        <result column="is_publish" jdbcType="VARCHAR" property="isPublish"/>
        <result column="user_id" jdbcType="INTEGER" property="userId"/>
        <association property="category" javaType="com.gdou.blog.entity.Category">
            <id column="c_category_id" property="categoryId"/>
            <result column="category_name" property="categoryName"/>
        </association>
        <collection property="tags" ofType="com.gdou.blog.entity.Tag">
            <id column="t_tag_id" property="tagId"/>
            <result column="tag_name" property="tagName"/>
        </collection>
    </resultMap>


    <resultMap id="BaseResultMap2" type="com.gdou.blog.entity.Blog">
        <!--@mbg.generated-->
        <!--@Table t_blog-->
        <id column="b_blog_id" jdbcType="INTEGER" property="blogId"/>
        <result column="title" jdbcType="VARCHAR" property="title"/>
        <result column="publish_time" jdbcType="TIMESTAMP" property="publishTime"/>
        <result column="b_modify_time" jdbcType="TIMESTAMP" property="modifyTime"/>
        <result column="b_create_time" jdbcType="TIMESTAMP" property="createTime"/>
        <result column="b_category_id" jdbcType="INTEGER" property="categoryId"/>
        <result column="view_count" jdbcType="INTEGER" property="viewCount"/>
        <result column="like_count" jdbcType="INTEGER" property="likeCount"/>
        <result column="description" jdbcType="VARCHAR" property="description"/>
        <result column="key_word" jdbcType="VARCHAR" property="keyWord"/>
        <result column="content" jdbcType="LONGVARCHAR" property="content"/>
        <result column="recommend" jdbcType="VARCHAR" property="recommend"/>
        <result column="creation_type" jdbcType="VARCHAR" property="creationType"/>
        <result column="is_publish" jdbcType="VARCHAR" property="isPublish"/>
        <result column="user_id" jdbcType="INTEGER" property="userId"/>
        <association property="category" javaType="com.gdou.blog.entity.Category">
            <id column="c_category_id" property="categoryId"/>
            <result column="category_name" property="categoryName"/>
        </association>
        <collection property="tags" ofType="com.gdou.blog.entity.Tag" column="b_blog_id" select="selectTags">
        </collection>
    </resultMap>

    <sql id="Base_Column_List">
        <!--@mbg.generated-->
        b.blog_id b_blog_id, title, b.publish_time , b.modify_time b_modify_time,b.create_time
        b_create_time,b.category_id b_category_id, view_count, like_count,
        description, key_word, content, creation_type, is_publish,recommend,user_id,c.category_id c_category_id,
        category_name,t.tag_id t_tag_id,tag_name
    </sql>
    <sql id="Base_Column_List2">
        <!--@mbg.generated-->
        b.blog_id b_blog_id, title, b.publish_time , b.modify_time b_modify_time,b.create_time
        b_create_time,b.category_id b_category_id, view_count, like_count,
        description, key_word, content, creation_type, is_publish,recommend,user_id,c.category_id c_category_id,
        category_name
    </sql>
    <select id="data" resultMap="BaseResultMap">
        select
        <include refid="Base_Column_List"/>
        from t_blog b
                     left join t_category c on b.category_id = c.category_id
                     left join t_blog_tag bt on bt.blog_id = b.blog_id
                     left join t_tag t on t.tag_id = bt.tag_id
        order by b.blog_id
    </select>

    <select id="getOneById" resultMap="BaseResultMap">
        select
        <include refid="Base_Column_List"/>
        from t_blog b
                     left join t_category c on b.category_id = c.category_id
                     left join t_blog_tag bt on bt.blog_id = b.blog_id
                     left join t_tag t on t.tag_id = bt.tag_id
        where b.blog_id = #{blogId,jdbcType=INTEGER}
    </select>

    <select id="page" resultMap="BaseResultMap2">
        select
        <include refid="Base_Column_List2"/>
        from t_blog b
                     left join t_category c on b.category_id = c.category_id
        <where>
            b.is_publish = 'true'
            <if test="title != null and title != ''">
                and b.title like concat('%', #{title}, '%')
            </if>
        </where>
        order by b.blog_id
    </select>
    <select id="selectTags" resultType="com.gdou.blog.entity.Tag">
        select *
        from t_tag t
                     left join t_blog_tag bt on t.tag_id = bt.tag_id
        where bt.blog_id = #{blogId}
    </select>

    <select id="pageByCategoryName" resultMap="BaseResultMap2">
        select
        <include refid="Base_Column_List2"/>
        from t_blog b
                     left join t_category c on b.category_id = c.category_id
        <where>
            b.is_publish = 'true'
            <if test="title != null and title != ''">
                and b.title like concat('%', #{title}, '%')
            </if>
            <if test="categoryName != null and categoryName != ''">
                and c.category_name = #{categoryName}
            </if>
        </where>
        order by b.blog_id
    </select>

    <select id="mapCategorys" resultType="java.util.Map">
        select c.category_name        categoryName,
               COUNT(c.category_name) nums
        from t_blog b
                     left join t_category c on b.category_id = c.category_id
        where b.is_publish = 'true'
        GROUP BY c.category_name
        order by c.category_name
    </select>
    <select id="mapTags" resultType="java.util.Map">
        select t.tag_name        tagName,
               COUNT(t.tag_name) nums
        from t_blog b
                     left join t_category c on b.category_id = c.category_id
                     left join t_blog_tag bt on bt.blog_id = b.blog_id
                     join t_tag t on t.tag_id = bt.tag_id
        where b.is_publish = 'true'
        GROUP BY t.tag_name
        order by COUNT(t.tag_name)
    </select>

    <select id="pageByTagName" resultMap="BaseResultMap2">
        select
        <include refid="Base_Column_List2"/>
        from t_blog b
                     join t_category c on b.category_id = c.category_id
        <where>
            b.is_publish = 'true'
            <if test="title != null and title != ''">
                and b.title like concat('%', #{title}, '%')
            </if>
            and b.blog_id in (select bt.blog_id
                              from t_tag t
                                           left join t_blog_tag bt on t.tag_id = bt.tag_id
                              where t.tag_name = #{tagName})
        </where>
        order by b.blog_id
    </select>
    <select id="selectTags2" resultType="com.gdou.blog.entity.Tag">
        select t.*
        from t_tag t
                     left join t_blog_tag bt on t.tag_id = bt.tag_id
        WHERE bt.blog_id = #{blogId}
    </select>

    <resultMap id="archiveMap" type="com.gdou.blog.entity.Archive">
        <result column="time" property="time"/>
        <collection property="blogs" ofType="com.gdou.blog.entity.Blog">
            <id column="blogId" property="blogId"/>
            <result column="title" property="title"/>
        </collection>
    </resultMap>

    <select id="getArchives" resultMap="archiveMap">
        SELECT DATE_FORMAT(create_time, '%Y年-%m月') time,
               blog_id                             blogId,
               title
        FROM t_blog
        where is_publish = 'true'
        GROUP BY DATE_FORMAT(create_time, '%Y-%m'), blog_id
        order by DATE_FORMAT(create_time, '%Y-%m')
    </select>
</mapper>