<?xml version="1.0" encoding="UTF-8"?>
<!DOCTYPE mapper PUBLIC "-//mybatis.org//DTD Mapper 3.0//EN" "http://mybatis.org/dtd/mybatis-3-mapper.dtd">
<mapper namespace="com.gdou.blog.mapper.CategoryMapper">
  <resultMap id="BaseResultMap" type="com.gdou.blog.entity.Category">
    <!--@mbg.generated-->
    <!--@Table t_category-->
    <id column="category_id" jdbcType="INTEGER" property="categoryId" />
    <result column="category_name" jdbcType="VARCHAR" property="categoryName" />
    <result column="create_time" jdbcType="TIMESTAMP" property="createTime" />
    <result column="modify_time" jdbcType="TIMESTAMP" property="modifyTime" />
  </resultMap>
  <sql id="Base_Column_List">
    <!--@mbg.generated-->
    category_id, category_name, create_time, modify_time
  </sql>
</mapper>