<?xml version="1.0" encoding="UTF-8"?>
<!DOCTYPE mapper PUBLIC "-//mybatis.org//DTD Mapper 3.0//EN" "http://mybatis.org/dtd/mybatis-3-mapper.dtd">
<mapper namespace="com.gdou.blog.mapper.CommentMapper">
    <resultMap id="BaseResultMap" type="com.gdou.blog.entity.Comment">
        <!--@mbg.generated-->
        <!--@Table t_comment-->
        <id column="comment_id" jdbcType="INTEGER" property="commentId"/>
        <result column="reply_name" jdbcType="VARCHAR" property="replyName"/>
        <result column="content" jdbcType="VARCHAR" property="content"/>
        <result column="time" jdbcType="TIMESTAMP" property="time"/>
        <result column="article_title" jdbcType="VARCHAR" property="articleTitle"/>
        <result column="osname" jdbcType="VARCHAR" property="osname"/>
        <result column="browser" jdbcType="VARCHAR" property="browser"/>
        <result column="img" jdbcType="VARCHAR" property="img"/>
        <result column="blog_id" jdbcType="INTEGER" property="blogId"/>
    </resultMap>
    <sql id="Base_Column_List">
        <!--@mbg.generated-->
        comment_id, reply_name, content, `time`, article_title, osname, browser, img, blog_id
    </sql>

    <resultMap id="BaseResultMap2" type="com.gdou.blog.entity.Comment">
        <!--@mbg.generated-->
        <!--@Table t_comment-->
        <id column="comment_id" jdbcType="INTEGER" property="commentId"/>
        <result column="reply_name" jdbcType="VARCHAR" property="replyName"/>
        <result column="content" jdbcType="VARCHAR" property="content"/>
        <result column="time" jdbcType="TIMESTAMP" property="time"/>
        <result column="article_title" jdbcType="VARCHAR" property="articleTitle"/>
        <result column="osname" jdbcType="VARCHAR" property="osname"/>
        <result column="browser" jdbcType="VARCHAR" property="browser"/>
        <result column="img" jdbcType="VARCHAR" property="img"/>
        <result column="blog_id" jdbcType="INTEGER" property="blogId"/>
        <collection property="replyBody" ofType="com.gdou.blog.entity.Reply" column="comment_id"
                    select="selectReplyBody"/>
    </resultMap>
    <select id="selectReplyBody" resultType="com.gdou.blog.entity.Reply">
        select * from t_reply r where r.comment_id = #{commentId,jdbcType=INTEGER} limit 0,5
    </select>
    <select id="list" resultMap="BaseResultMap2">
        select * from t_comment c where c.blog_id = #{blogId,jdbcType=INTEGER}
    </select>
</mapper>