<?xml version="1.0" encoding="UTF-8"?>
<!DOCTYPE mapper PUBLIC "-//mybatis.org//DTD Mapper 3.0//EN" "http://mybatis.org/dtd/mybatis-3-mapper.dtd">
<mapper namespace="com.gdou.blog.mapper.ReplyMapper">
  <resultMap id="BaseResultMap" type="com.gdou.blog.entity.Reply">
    <!--@mbg.generated-->
    <!--@Table t_reply-->
    <id column="id" jdbcType="INTEGER" property="id" />
    <result column="comment_id" jdbcType="INTEGER" property="commentId" />
    <result column="reply_id" jdbcType="INTEGER" property="replyId" />
    <result column="content" jdbcType="VARCHAR" property="content" />
    <result column="time" jdbcType="TIMESTAMP" property="time" />
    <result column="reply_name" jdbcType="VARCHAR" property="replyName" />
    <result column="be_reply_name" jdbcType="VARCHAR" property="beReplyName" />
  </resultMap>
  <sql id="Base_Column_List">
    <!--@mbg.generated-->
    id, comment_id, reply_id, content, `time`, reply_name, be_reply_name
  </sql>
</mapper>