<?xml version="1.0" encoding="UTF-8"?>
<!DOCTYPE mapper PUBLIC "-//mybatis.org//DTD Mapper 3.0//EN" "http://mybatis.org/dtd/mybatis-3-mapper.dtd">
<mapper namespace="com.gdou.blog.mapper.TagMapper">
  <resultMap id="BaseResultMap" type="com.gdou.blog.entity.Tag">
    <!--@mbg.generated-->
    <!--@Table t_tag-->
    <id column="tag_id" jdbcType="INTEGER" property="tagId" />
    <result column="tag_name" jdbcType="VARCHAR" property="tagName" />
    <result column="create_time" jdbcType="TIMESTAMP" property="createTime" />
    <result column="modify_time" jdbcType="TIMESTAMP" property="modifyTime" />
  </resultMap>
  <sql id="Base_Column_List">
    <!--@mbg.generated-->
    t.tag_id, tag_name, create_time, modify_time
  </sql>
  <select id="findTagByBlogId" resultMap="BaseResultMap">
    select <include refid="Base_Column_List"/> from t_tag t
    left join t_blog_tag bt on t.tag_id = bt.tag_id
    where bt.blog_id = #{blogId,jdbcType=INTEGER}
  </select>
</mapper>