<?xml version="1.0" encoding="UTF-8"?>
<!DOCTYPE mapper PUBLIC "-//mybatis.org//DTD Mapper 3.0//EN" "http://mybatis.org/dtd/mybatis-3-mapper.dtd">
<mapper namespace="com.gdou.blog.mapper.UserMapper">
    <resultMap id="BaseResultMap" type="com.gdou.blog.entity.User">
        <!--@mbg.generated-->
        <!--@Table t_user-->
        <id column="user_id" jdbcType="INTEGER" property="userId"/>
        <result column="username" jdbcType="VARCHAR" property="username"/>
        <result column="email" jdbcType="VARCHAR" property="email"/>
        <result column="avatar" jdbcType="VARCHAR" property="avatar"/>
        <result column="resume" jdbcType="VARCHAR" property="resume"/>
        <result column="password" property="password"/>
        <result column="create_time" property="createTime"/>
        <result column="modify_time" property="modifyTime"/>
    </resultMap>
    <sql id="Base_Column_List">
        <!--@mbg.generated-->
        user_id, username, email, avatar, resume
    </sql>
</mapper>