{
  "data": [
    {
      "blogId": 4,
      "blogTitle": "SpringBoot系列教程",
      "blogSubUrl": "",
      "blogCoverImage": "/admin/dist/img/rand/29.jpg",
      "blogCategoryId": 24,
      "blogCategoryName": "日常随笔",
      "blogTags": "SpringBoot,入门教程,实战教程,spring-boot企业级开发",
      "blogStatus": 1,
      "blogViews": 11,
      "enableComment": 0,
      "isDeleted": 0,
      "createTime": "2019-05-13 17:58:54",
      "updateTime": "2019-05-13T09:58:54.000+0000"
    },
    {
      "blogId": 3,
      "blogTitle": "Spring+SpringMVC+MyBatis整合系列(easyUI、AdminLte3)",
      "blogSubUrl": "",
      "blogCoverImage": "/admin/dist/img/rand/36.jpg",
      "blogCategoryId": 22,
      "blogCategoryName": "SSM整合进阶篇",
      "blogTags": "Spring,SpringMVC,MyBatis,easyUI,AdminLte3",
      "blogStatus": 0,
      "blogViews": 56,
      "enableComment": 0,
      "isDeleted": 0,
      "createTime": "2019-04-24 23:46:15",
      "updateTime": "2019-04-24T15:46:15.000+0000"
    },
    {
      "blogId": 2,
      "blogTitle": "文章总目录",
      "blogSubUrl": "",
      "blogCoverImage": "/admin/dist/img/rand/13.jpg",
      "blogCategoryId": 24,
      "blogCategoryName": "日常随笔",
      "blogTags": "目录",
      "blogStatus": 1,
      "blogViews": 15,
      "enableComment": 0,
      "isDeleted": 0,
      "createTime": "2019-04-24 23:42:23",
      "updateTime": "2019-04-24T15:42:23.000+0000"
    },
    {
      "blogId": 1,
      "blogTitle": "我是十三",
      "blogSubUrl": "about",
      "blogCoverImage": "/admin/dist/img/rand/33.jpg",
      "blogCategoryId": 20,
      "blogCategoryName": "About",
      "blogTags": "世界上有一个很可爱的人,现在这个人就在看这句话",
      "blogStatus": 1,
      "blogViews": 221,
      "enableComment": 0,
      "isDeleted": 0,
      "createTime": "2017-03-12 08:31:15",
      "updateTime": "2018-11-12T00:31:15.000+0000"
    }
  ]
}